[
    {
        "id": 1,
        "name": "James Callahan",
        "order_date": "2022-12-18T14:32:14Z",
        "check_in": "2023-04-29T10:20:36Z",
        "check_out": "2023-05-04T15:22:27Z",
        "hour_check_in": "12:00",
        "hour_check_out": "16:00",
        "room_type": "Deluxe -002424",
        "rate": "$150",
        "special_request": "James Callahan has asked for a room overlooking the ocean for his reservation",
        "room": {
            "id": 3
        },
        "status": "In progress"
    },
    {
        "id": 2,
        "name": "George Lahm",
        "order_date": "2022-12-18T14:32:14Z",
        "check_in": "2023-02-05T10:20:36Z",
        "check_out": "2023-03-09T15:22:27Z",
        "hour_check_in": "12:00",
        "hour_check_out": "16:00",
        "room_type": "Deluxe -002424",
        "rate": "$150",
        "special_request": "George Lahm has asked for a room overlooking the ocean for his reservation",
        "room": {
            "id": 1
        },
        "status": "Check out"
    },
    {
        "id": 3,
        "name": "Al Bundy",
        "order_date": "2023-12-18T14:32:14Z",
        "check_in": "2024-01-05T10:20:36Z",
        "check_out": "2024-01-09T15:22:27Z",
        "hour_check_in": "12:00",
        "hour_check_out": "16:00",
        "room_type": "Deluxe -002424",
        "rate": "$150",
        "special_request": "Al Bundy has asked for a room overlooking the ocean for his reservation",
        "room": {
            "id": 4
        },
        "status": "Check in"
    },
    {
        "id": 4,
        "name": "Lyn Adler",
        "order_date": "2023-12-16T06:20:30Z",
        "check_in": "2024-01-05T10:04:30Z",
        "check_out": "2024-01-11T03:07:15Z",
        "hour_check_in": "09:00",
        "hour_check_out": "15:00",
        "room_type": "Deluxe -002424",
        "rate": "$150",
        "special_request": "Lyn Adler has asked for a room overlooking the ocean for his reservation",
        "room": {
            "id": 12
        },
        "status": "In progress"
    },
    {
        "id": 5,
        "name": "Allison Kent",
        "order_date": "2023-12-22T03:12:28Z",
        "check_in": "2024-01-01T10:32:09Z",
        "check_out": "2024-01-08T11:33:13Z",
        "hour_check_in": "12:00",
        "hour_check_out": "16:00",
        "room_type": "Deluxe -002424",
        "rate": "$150",
        "special_request": "Allison Kent has asked for a room overlooking the ocean for his reservation",
        "room": {
            "id": 7
        },
        "status": "In progress"
    },
    {
        "id": 6,
        "name": "Led zeppelin",
        "hour_check_in": "12:00",
        "order_date": "2024-01-04",
        "check_in": "2024-03-25",
        "check_out": "2024-04-01",
        "hour_check_out": "13:30:00",
        "room_type": "Double",
        "rate": "$150",
        "special_request": "John Clark has asked for a room overlooking the ocean for his reservation",
        "room": {
            "id": 6
        },
        "status": "Check in"
    },
    {
        "id": 7,
        "name": "James Callahan",
        "hour_check_in": "12:00",
        "order_date": "2023-12-01T03:37:37Z",
        "check_in": "2024-01-04T23:32:14Z",
        "check_out": "2025-01-11T20:03:01Z",
        "hour_check_out": "16:00",
        "room_type": "Deluxe -002424",
        "rate": "$150",
        "special_request": "James Callahan has asked for a room overlooking the ocean for his reservation",
        "room": {
            "id": 3
        },
        "status": "Check out"
    },
    {
        "id": 8,
        "name": "George Lahm",
        "order_date": "2023-12-01T03:37:37Z",
        "check_in": "2024-01-04T23:32:14Z",
        "check_out": "2025-01-11T20:03:01Z",
        "hour_check_in": "12:00",
        "hour_check_out": "16:00",
        "room_type": "Deluxe -002424",
        "rate": "$150",
        "special_request": "George Lahm has asked for a room overlooking the ocean for his reservation",
        "room": {
            "id": 1
        },
        "status": "In progress"
    },
    {
        "id": 9,
        "name": "Al Bundy",
        "hour_check_in": "12:00",
        "hour_check_out": "16:00",
        "room_type": "Deluxe -002424",
        "rate": "$150",
        "special_request": "Al Bundy has asked for a room overlooking the ocean for his reservation",
        "room": {
            "id": 4
        },
        "status": "In progress",
        "order_date": "2023-12-18T09:08:04Z",
        "check_in": "2024-01-05T08:46:38Z",
        "check_out": "2024-01-11T13:12:46Z"
    },
    {
        "id": 10,
        "name": "Lyn Adler",
        "hour_check_in": "09:00",
        "hour_check_out": "15:00",
        "room_type": "Deluxe -002424",
        "rate": "$150",
        "special_request": "Lyn Adler has asked for a room overlooking the ocean for his reservation",
        "room": {
            "id": 12
        },
        "status": "Check out",
        "order_date": "2023-12-14T18:11:19Z",
        "check_in": "2024-01-02T19:09:42Z",
        "check_out": "2024-01-08T15:49:37Z"
    },
    {
        "id": 11,
        "name": "Allison Kent",
        "order_date": "2023-12-14T20:03:52Z",
        "check_in": "2024-01-02T07:00:33Z",
        "check_out": "2025-01-11T07:45:17Z",
        "hour_check_in": "12:00",
        "hour_check_out": "16:00",
        "room_type": "Deluxe -002424",
        "rate": "$150",
        "special_request": "Allison Kent has asked for a room overlooking the ocean for his reservation",
        "room": {
            "id": 7
        },
        "status": "Check out"
    },
    {
        "id": 12,
        "name": "test is cool",
        "order_date": "2023-12-19T06:56:58Z",
        "check_in": "2024-01-03T05:30:07Z",
        "check_out": "2025-01-08T05:38:11Z",
        "hour_check_in": "12:00",
        "hour_check_out": "16:00",
        "room_type": "Deluxe -002424",
        "rate": "$150",
        "special_request": "John Clark has asked for a room overlooking the ocean for his reservation",
        "room": {
            "id": 6
        },
        "status": "Check in"
    }
]