[
    {
        "id": 1,
        "image": "https://images.unsplash.com/photo-1547425260-76bcadfb4f2c?q=80&w=2070&auto=format&fit=crop&ixlib=rb-4.0.3&ixid=M3wxMjA3fDB8MHxwaG90by1wYWdlfHx8fGVufDB8fHx8fA%3D%3D",
        "full_name": "Alex Talb",
        "email": "altalb@mail.com",
        "phone": "355 456 7243",
        "date": "2024-02-10",
        "message": "Lorem ipsum dolor sit amet, consectetur adipiscing elit",
        "rating": 4,
        "read": true
    },
    {
        "id": 2,
        "image": "https://images.unsplash.com/photo-1544005313-94ddf0286df2?q=80&w=1888&auto=format&fit=crop&ixlib=rb-4.0.3&ixid=M3wxMjA3fDB8MHxwaG90by1wYWdlfHx8fGVufDB8fHx8fA%3D%3D",
        "full_name": "Barbara Nerva",
        "email": "barner@mail.com",
        "phone": "355 176 7913",
        "date": "2022-12-17",
        "message": "Lorem ipsum dolor sit amet, consectetur adipiscing elit",
        "rating": 5,
        "read": false
    },
    {
        "id": 3,
        "image": "https://images.unsplash.com/photo-1438761681033-6461ffad8d80?q=80&w=2070&auto=format&fit=crop&ixlib=rb-4.0.3&ixid=M3wxMjA3fDB8MHxwaG90by1wYWdlfHx8fGVufDB8fHx8fA%3D%3D",
        "full_name": "Alex Talb",
        "email": "altalb@mail.com",
        "phone": "355 456 7243",
        "date": "2024-02-10",
        "message": "Lorem ipsum dolor sit amet, consectetur adipiscing elit",
        "rating": 4,
        "read": true
    },
    {
        "id": 4,
        "image": "https://images.unsplash.com/flagged/photo-1570612861542-284f4c12e75f?q=80&w=2070&auto=format&fit=crop&ixlib=rb-4.0.3&ixid=M3wxMjA3fDB8MHxwaG90by1wYWdlfHx8fGVufDB8fHx8fA%3D%3D",
        "full_name": "Corine Mars",
        "email": "cormars@mail.com",
        "phone": "777 124 6903",
        "date": "2024-01-07",
        "message": "Lorem ipsum dolor sit amet, consectetur adipiscing elit",
        "rating": 5,
        "read": false
    },
    {
        "id": 5,
        "image": "https://images.unsplash.com/photo-1554151228-14d9def656e4?q=80&w=1886&auto=format&fit=crop&ixlib=rb-4.0.3&ixid=M3wxMjA3fDB8MHxwaG90by1wYWdlfHx8fGVufDB8fHx8fA%3D%3D",
        "full_name": "Bob Allen",
        "email": "bob@mail.com",
        "phone": "991 254 9234",
        "date": "2024-02-25",
        "message": "Lorem ipsum dolor sit amet, consectetur adipiscing elit",
        "rating": 3,
        "read": false
    },
    {
        "id": 6,
        "image": "https://images.unsplash.com/photo-1491349174775-aaafddd81942?q=80&w=1887&auto=format&fit=crop&ixlib=rb-4.0.3&ixid=M3wxMjA3fDB8MHxwaG90by1wYWdlfHx8fGVufDB8fHx8fA%3D%3D",
        "full_name": "Felix Moore",
        "email": "felmor@mail.com",
        "phone": "355 456 7243",
        "date": "2022-10-01",
        "message": "Lorem ipsum dolor sit amet, consectetur adipiscing elit",
        "rating": 4,
        "read": true
    },
    {
        "id": 7,
        "image": "https://images.unsplash.com/photo-1499952127939-9bbf5af6c51c?q=80&w=1776&auto=format&fit=crop&ixlib=rb-4.0.3&ixid=M3wxMjA3fDB8MHxwaG90by1wYWdlfHx8fGVufDB8fHx8fA%3D%3D",
        "full_name": "Georgina Graham",
        "email": "georgra@mail.com",
        "phone": "442 231 9802",
        "date": "2024-02-22",
        "message": "Lorem ipsum dolor sit amet, consectetur adipiscing elit",
        "rating": 4,
        "read": true
    },
    {
        "id": 8,
        "image": "https://plus.unsplash.com/premium_photo-1668989224643-6b79eaea2108?q=80&w=1887&auto=format&fit=crop&ixlib=rb-4.0.3&ixid=M3wxMjA3fDB8MHxwaG90by1wYWdlfHx8fGVufDB8fHx8fA%3D%3D",
        "full_name": "Regina Caster",
        "email": "recaster@mail.com",
        "phone": "736 127 1878",
        "date": "2023-07-10",
        "message": "Lorem ipsum dolor sit amet, consectetur adipiscing elit",
        "rating": 4,
        "read": true
    },
    {
        "id": 9,
        "image": "https://plus.unsplash.com/premium_photo-1678197937465-bdbc4ed95815?q=80&w=1887&auto=format&fit=crop&ixlib=rb-4.0.3&ixid=M3wxMjA3fDB8MHxwaG90by1wYWdlfHx8fGVufDB8fHx8fA%3D%3D",
        "full_name": "Alex Talb",
        "email": "altalb@mail.com",
        "phone": "355 456 7243",
        "date": "2024-02-10",
        "message": "Lorem ipsum dolor sit amet, consectetur adipiscing elit",
        "rating": 5,
        "read": true
    },
    {
        "id": 10,
        "image": "https://plus.unsplash.com/premium_photo-1664536392896-cd1743f9c02c?q=80&w=1887&auto=format&fit=crop&ixlib=rb-4.0.3&ixid=M3wxMjA3fDB8MHxwaG90by1wYWdlfHx8fGVufDB8fHx8fA%3D%3D",
        "full_name": "Maria Paez",
        "email": "mapa@mail.com",
        "phone": "135 623 3232",
        "date": "2024-01-17",
        "message": "Lorem ipsum dolor sit amet, consectetur adipiscing elit",
        "rating": 4,
        "read": true
    },
    {
        "id": 11,
        "image": "https://images.unsplash.com/photo-1599566150163-29194dcaad36?q=80&w=1887&auto=format&fit=crop&ixlib=rb-4.0.3&ixid=M3wxMjA3fDB8MHxwaG90by1wYWdlfHx8fGVufDB8fHx8fA%3D%3D",
        "full_name": "Hector Hernandez",
        "email": "hehe@mail.com",
        "phone": "113 677 0928",
        "date": "2023-12-27",
        "message": "Lorem ipsum dolor sit amet, consectetur adipiscing elit",
        "rating": 5,
        "read": true
    },
    {
        "id": 12,
        "image": "https://images.unsplash.com/photo-1500648767791-00dcc994a43e?q=80&w=1887&auto=format&fit=crop&ixlib=rb-4.0.3&ixid=M3wxMjA3fDB8MHxwaG90by1wYWdlfHx8fGVufDB8fHx8fA%3D%3D",
        "full_name": "Henrietta Smith",
        "email": "hesmith@mail.com",
        "phone": "224 465 1343",
        "date": "2022-04-10",
        "message": "Lorem ipsum dolor sit amet, consectetur adipiscing elit",
        "rating": 5,
        "read": true
    }
]